{"cameraMode":{"drawMode":0,"name":"Shaded","section":"Shading Mode"},"sceneLighting":true,"audioPlay":false,"sceneViewState":{"showFog":true,"showMaterialUpdate":true,"showSkybox":true,"showFlares":true,"showImageEffects":true,"showParticleSystems":true},"in2DMode":false,"pivot":{"x":-5.402896404266357,"y":1.9265124797821046,"z":-0.2753102779388428},"rotation":{"x":0.06179697811603546,"y":0.5913009643554688,"z":-0.04549326375126839,"w":0.8028318285942078},"size":4.871722221374512,"orthographic":false}