{"cameraMode":{"drawMode":0,"name":"Shaded","section":"Shading Mode"},"sceneLighting":true,"audioPlay":false,"sceneViewState":{"showFog":true,"showMaterialUpdate":true,"showSkybox":true,"showFlares":true,"showImageEffects":true,"showParticleSystems":true},"in2DMode":false,"pivot":{"x":2.9772720336914064,"y":0.20069122314453126,"z":0.9974253177642822},"rotation":{"x":-0.38986721634864809,"y":-0.24992026388645173,"z":0.11080799996852875,"w":-0.8793708682060242},"size":4.739264488220215,"orthographic":false}