{"cameraMode":{"drawMode":0,"name":"Shaded","section":"Shading Mode"},"sceneLighting":true,"audioPlay":false,"sceneViewState":{"showFog":false,"showMaterialUpdate":false,"showSkybox":false,"showFlares":false,"showImageEffects":false,"showParticleSystems":false},"in2DMode":false,"pivot":{"x":-0.8098344802856445,"y":0.3528099060058594,"z":0.658656120300293},"rotation":{"x":-0.09074802696704865,"y":0.8807349801063538,"z":-0.1880071461200714,"w":-0.42511671781539919},"size":10.0,"orthographic":false}